Numer startowy,Imię i nazwisko,Klub
1,Zawodnik 01,Koło PZW Gdańsk
2,Zawodnik 02,Klub Karpiowy
3,Zawodnik 03,
4,Zawodnik 04,Wedkarz Klub A
5,Zawodnik 05,Koło PZW Gdańsk
6,Zawodnik 06,Klub Karpiowy
7,Zawodnik 07,
8,Zawodnik 08,Wedkarz Klub A
9,Zawodnik 09,Koło PZW Gdańsk
10,Zawodnik 10,Klub Karpiowy
11,Zawodnik 11,
12,Zawodnik 12,Wedkarz Klub A
13,Zawodnik 13,Koło PZW Gdańsk
14,Zawodnik 14,Klub Karpiowy
15,Zawodnik 15,
16,Zawodnik 16,Wedkarz Klub A
17,Zawodnik 17,Koło PZW Gdańsk
18,Zawodnik 18,Klub Karpiowy
19,Zawodnik 19,
20,Zawodnik 20,Wedkarz Klub A
21,Zawodnik 21,Koło PZW Gdańsk
22,Zawodnik 22,Klub Karpiowy
23,Zawodnik 23,
24,Zawodnik 24,Wedkarz Klub A
25,Zawodnik 25,Koło PZW Gdańsk
26,Zawodnik 26,Klub Karpiowy
27,Zawodnik 27,
28,Zawodnik 28,Wedkarz Klub A
29,Zawodnik 29,Koło PZW Gdańsk
30,Zawodnik 30,Klub Karpiowy
31,Zawodnik 31,
32,Zawodnik 32,Wedkarz Klub A
33,Zawodnik 33,Koło PZW Gdańsk
34,Zawodnik 34,Klub Karpiowy
35,Zawodnik 35,
36,Zawodnik 36,Wedkarz Klub A
37,Zawodnik 37,Koło PZW Gdańsk
38,Zawodnik 38,Klub Karpiowy
39,Zawodnik 39,
40,Zawodnik 40,Wedkarz Klub A
41,Zawodnik 41,Koło PZW Gdańsk
42,Zawodnik 42,Klub Karpiowy
